row_id,npi,provider_name,specialty,state,license_number,license_expiry_date,dea_expiry_date,prescribes_flag,board_certification_status,malpractice_history_flag,caqh_attestation_date,data_source_note
1,1059771767,James Vargas,Emergency Medicine,FL,FL-844889,02/30/2026,2026-08-17,Y,Board Certified,N,2026-07-12,"SYNTHETIC - fictional demo data; names, NPIs, licenses, dates invented"
2,1445472635,Tara Rahman,Anesthesiology,TN,TN-420187,2027-10-08,2025-06-18,Y,Board Eligible,N,2025-05-22,"SYNTHETIC - fictional demo data; names, NPIs, licenses, dates invented"
3,1654087992,Elif Pillai,Anesthesiology,AL,AL-201543,2029-03-17,2026-01-28,Y,Lapsed,N,2026-06-29,"SYNTHETIC - fictional demo data; names, NPIs, licenses, dates invented"
4,,Priya Vargas,Cardiology,FL,FL-672503,2027-05-21,2025-12-16,Y,Board Certified,N,2026-09-10,"SYNTHETIC - fictional demo data; names, NPIs, licenses, dates invented"
5,1650238408,Amara Thorn,Anesthesiology,GA,GA-224963,2026-12-19,2026-08-11,Y,Board Certified,N,2026-08-17,"SYNTHETIC - fictional demo data; names, NPIs, licenses, dates invented"
6,2520867274,Priya Sharma,Internal Medicine,SC,SC-496792,2029-04-16,2026-08-13,Y,Board Certified,N,2026-09-24,"SYNTHETIC - fictional demo data; names, NPIs, licenses, dates invented"
7,1972583508,Diego Duarte,Family Medicine,FL,FL-871159,2029-01-04,2026-03-06,Y,Board Certified,N,2026-09-15,"SYNTHETIC - fictional demo data; names, NPIs, licenses, dates invented"
8,1046722899,Marcus Thorn,Pediatrics,NC,NC-824456,2026-06-22,2025-12-26,Y,Board Certified,Y,2026-08-02,"SYNTHETIC - fictional demo data; names, NPIs, licenses, dates invented"
9,2113890114,Elif Cross,Internal Medicine,AL,AL-223187,2027-09-03,2026-04-08,Y,Board Eligible,N,2026-08-10,"SYNTHETIC - fictional demo data; names, NPIs, licenses, dates invented"
10,1996134934,Kofi Sellers,General Surgery,NC,NC-203212,2027-10-17,2026-02-05,Y,Board Certified,N,2026-07-31,"SYNTHETIC - fictional demo data; names, NPIs, licenses, dates invented"
11,2263456565,Elif Bennett,Psychiatry,FL,FL-550698,2028-06-23,,Y,Board Certified,N,2026-09-19,"SYNTHETIC - fictional demo data; names, NPIs, licenses, dates invented"
12,2654661621,Sofia Vargas,Orthopedic Surgery,GA,GA-483376,2028-12-24,,Y,Board Certified,N,2026-08-16,"SYNTHETIC - fictional demo data; names, NPIs, licenses, dates invented"
13,2936709396,James Kane,Obstetrics & Gynecology,TX,TX-968663,2027-12-22,,Y,Lapsed,N,2026-09-27,"SYNTHETIC - fictional demo data; names, NPIs, licenses, dates invented"
14,1319890832,Peter Delgado,General Surgery,TN,TN-914709,2028-06-16,,Y,Lapsed,N,2026-09-25,"SYNTHETIC - fictional demo data; names, NPIs, licenses, dates invented"
15,2068211953,David Sharma,Family Medicine,TX,TX-653792,2027-06-21,,Y,Board Certified,N,2026-07-29,"SYNTHETIC - fictional demo data; names, NPIs, licenses, dates invented"
16,1221329518,Hannah Whitfield,Cardiology,FL,FL-151211,2028-11-13,,Y,Board Certified,Y,2026-09-20,"SYNTHETIC - fictional demo data; names, NPIs, licenses, dates invented"
17,1166760960,Nina Haddad,Emergency Medicine,AL,AL-650674,2027-06-16,,Y,Lapsed,N,2026-10-03,"SYNTHETIC - fictional demo data; names, NPIs, licenses, dates invented"
18,1367751993,Ivy Stowe,Anesthesiology,TN,TN-479960,2028-03-25,,Y,Board Eligible,N,2026-09-17,"SYNTHETIC - fictional demo data; names, NPIs, licenses, dates invented"
19,1439155486,Lucia Novak,Obstetrics & Gynecology,TX,,2028-12-19,2027-07-06,Y,Board Eligible,N,2026-07-18,"SYNTHETIC - fictional demo data; names, NPIs, licenses, dates invented"
20,1939958384,Kofi Cross,General Surgery,FL,FL-119168,2029-05-20,2027-08-12,Y,Board Certified,N,2026-09-14,"SYNTHETIC - fictional demo data; names, NPIs, licenses, dates invented"
21,2532145985,Amara Novak,Family Medicine,TX,TX-403024,2027-12-08,2028-09-02,Y,Board Certified,N,2026-09-29,"SYNTHETIC - fictional demo data; names, NPIs, licenses, dates invented"
22,724355009,Ruth Nguyen,Pediatrics,TN,TN-952634,2027-09-14,2027-03-08,Y,Board Certified,N,2026-07-12,"SYNTHETIC - fictional demo data; names, NPIs, licenses, dates invented"
23,1412110702,Elif Vance,Anesthesiology,TN,TN-165780,2026-11-13,2028-07-15,Y,Board Certified,N,2026-10-02,"SYNTHETIC - fictional demo data; names, NPIs, licenses, dates invented"
24,1139539397,Lena Novak,Psychiatry,FL,FL-177704,2027-12-10,2028-07-21,Y,Board Certified,N,2026-07-28,"SYNTHETIC - fictional demo data; names, NPIs, licenses, dates invented"
25,1576553029,Ivy Thorn,Psychiatry,GA,GA-318592,2025-11-01,2028-02-02,Y,Board Certified,N,2025-11-23,"SYNTHETIC - fictional demo data; names, NPIs, licenses, dates invented"
26,2812661012,Tara Bennett,Internal Medicine,AL,AL-475117,pending,2028-07-12,Y,Board Certified,N,2026-07-10,"SYNTHETIC - fictional demo data; names, NPIs, licenses, dates invented"
27,1210820023,Ethan Okafor,Cardiology,NC,NC-565892,2029-07-12,2027-03-18,Y,Board Certified,N,2026-09-15,"SYNTHETIC - fictional demo data; names, NPIs, licenses, dates invented"
28,900365745,Samuel Novak,Obstetrics & Gynecology,FL,FL-458073,2029-04-22,2028-12-25,Y,Board Certified,N,2026-08-12,"SYNTHETIC - fictional demo data; names, NPIs, licenses, dates invented"
29,2877829970,Ibrahim Kaplan,General Surgery,TN,TN-968157,2027-10-02,2027-04-02,Y,Board Certified,N,2026-09-16,"SYNTHETIC - fictional demo data; names, NPIs, licenses, dates invented"
30,1457653702,Ethan Okafor,Anesthesiology,FL,FL-504610,2027-07-19,2029-07-31,Y,Board Certified,N,2026-09-14,"SYNTHETIC - fictional demo data; names, NPIs, licenses, dates invented"
31,1880347989,Lena Rahman,Cardiology,AL,AL-410317,2028-02-19,2028-11-06,Y,Board Certified,N,2026-08-18,"SYNTHETIC - fictional demo data; names, NPIs, licenses, dates invented"
32,1037005986,Ethan Vance,Neurology,SC,SC-327780,2028-04-04,2029-03-27,Y,Board Certified,N,2026-09-09,"SYNTHETIC - fictional demo data; names, NPIs, licenses, dates invented"
33,2220040578,Clara Nguyen,Obstetrics & Gynecology,TN,TN-455534,2027-11-24,2027-05-11,Y,Board Certified,N,2026-01-17,"SYNTHETIC - fictional demo data; names, NPIs, licenses, dates invented"
34,1109296539,Aisha Ashford,Family Medicine,TN,TN-867469,2029-04-05,2028-04-13,Y,Board Certified,N,,"SYNTHETIC - fictional demo data; names, NPIs, licenses, dates invented"
35,1245328489,Leo Farouk,Family Medicine,NC,NC-913008,2028-04-04,2027-09-20,Y,Board Certified,N,2026-07-10,"SYNTHETIC - fictional demo data; names, NPIs, licenses, dates invented"
36,2775583932,Elif Thorn,Radiology,NC,NC-211026,2028-07-27,2027-09-20,Y,Board Certified,N,2026-07-26,"SYNTHETIC - fictional demo data; names, NPIs, licenses, dates invented"
37,2003623692,Hannah Rossi,Anesthesiology,TX,TX-407114,2028-10-13,2029-05-05,Y,Board Certified,N,2026-08-04,"SYNTHETIC - fictional demo data; names, NPIs, licenses, dates invented"
38,2165109921,Ravi Delgado,Emergency Medicine,SC,SC-802594,2028-11-16,2027-04-05,Y,Board Certified,N,2026-08-26,"SYNTHETIC - fictional demo data; names, NPIs, licenses, dates invented"
39,2517543880,Nadia Rossi,General Surgery,AL,AL-465807,2027-08-31,2028-04-08,Y,Board Certified,N,2026-09-08,"SYNTHETIC - fictional demo data; names, NPIs, licenses, dates invented"
40,1743840044,Felix Sharma,Cardiology,GA,GA-731562,2027-12-04,2027-04-30,Y,Board Eligible,N,2026-07-18,"SYNTHETIC - fictional demo data; names, NPIs, licenses, dates invented"
41,2604672453,Zara Beaumont,Orthopedic Surgery,TN,TN-203311,2026-01-16,2028-02-02,Y,Lapsed,N,2026-08-27,"SYNTHETIC - fictional demo data; names, NPIs, licenses, dates invented"
42,1507414604,Priya Cross,Orthopedic Surgery,NC,NC-473619,2029-08-30,2028-07-31,Y,Board Certified,N,2026-09-30,"SYNTHETIC - fictional demo data; names, NPIs, licenses, dates invented"
43,2922975769,Peter Ashford,Psychiatry,SC,SC-891595,2027-10-05,2027-10-27,Y,Not Certified,N,2026-09-29,"SYNTHETIC - fictional demo data; names, NPIs, licenses, dates invented"
44,1145134651,Marcus Sellers,Radiology,TN,TN-299218,2028-04-19,,N,Board Certified,N,2026-08-11,"SYNTHETIC - fictional demo data; names, NPIs, licenses, dates invented"
45,2229408165,Diego Delgado,Family Medicine,SC,SC-885663,2027-08-02,2028-04-02,Y,Board Certified,N,2026-08-16,"SYNTHETIC - fictional demo data; names, NPIs, licenses, dates invented"
46,1747077241,Nadia Farouk,Emergency Medicine,SC,SC-208759,2027-09-12,2029-07-20,Y,Board Certified,N,2026-07-16,"SYNTHETIC - fictional demo data; names, NPIs, licenses, dates invented"
47,2025682452,Ruth Whitfield,General Surgery,SC,SC-252559,2028-04-10,2027-09-20,Y,Not Certified,Y,2025-06-18,"SYNTHETIC - fictional demo data; names, NPIs, licenses, dates invented"
48,1520619252,Victor Quill,Cardiology,FL,FL-273510,2027-10-01,2028-12-05,Y,Board Eligible,N,2026-07-29,"SYNTHETIC - fictional demo data; names, NPIs, licenses, dates invented"
49,2995919036,Hannah Kane,Obstetrics & Gynecology,AL,AL-767349,2026-12-25,2028-01-30,Y,Board Certified,N,2026-07-13,"SYNTHETIC - fictional demo data; names, NPIs, licenses, dates invented"
50,2224395857,Ruth Duarte,Family Medicine,TN,TN-794103,2029-02-08,2029-04-27,Y,Board Certified,N,2026-07-05,"SYNTHETIC - fictional demo data; names, NPIs, licenses, dates invented"
51,2991679000,Victor Nguyen,Orthopedic Surgery,SC,SC-726650,2029-07-31,2028-08-31,Y,Board Certified,N,,"SYNTHETIC - fictional demo data; names, NPIs, licenses, dates invented"
52,,Noah Thorn,Radiology,FL,FL-167903,2028-06-12,,N,Board Eligible,N,2026-09-17,"SYNTHETIC - fictional demo data; names, NPIs, licenses, dates invented"
53,2799739431,Ethan Stowe,General Surgery,NC,NC-529227,2029-01-06,2028-01-15,Y,Board Certified,N,2026-07-29,"SYNTHETIC - fictional demo data; names, NPIs, licenses, dates invented"
54,2964678690,Amara Novak,Neurology,AL,AL-635806,2028-10-27,2027-07-04,Y,Board Eligible,N,2026-04-02,"SYNTHETIC - fictional demo data; names, NPIs, licenses, dates invented"
55,1438811691,Ivy Vance,Radiology,FL,FL-385430,2029-06-14,2028-02-07,Y,Lapsed,N,2026-08-12,"SYNTHETIC - fictional demo data; names, NPIs, licenses, dates invented"
56,1807438559,Priya Mensah,Radiology,SC,SC-549308,2029-03-13,,N,Board Certified,N,2026-08-06,"SYNTHETIC - fictional demo data; names, NPIs, licenses, dates invented"
57,2084787369,Noah Stowe,Family Medicine,NC,NC-235658,2027-09-04,2027-10-20,Y,Board Eligible,N,2026-09-11,"SYNTHETIC - fictional demo data; names, NPIs, licenses, dates invented"
58,2031699221,Victor Kane,Pediatrics,TX,TX-544161,2027-12-26,2028-12-24,Y,Board Certified,N,2026-07-26,"SYNTHETIC - fictional demo data; names, NPIs, licenses, dates invented"
59,2581562956,Lucia Ashford,Anesthesiology,TN,TN-751659,2028-07-07,2027-03-31,Y,Board Certified,N,2026-08-21,"SYNTHETIC - fictional demo data; names, NPIs, licenses, dates invented"
60,1568207045,Clara Okafor,Orthopedic Surgery,GA,GA-327921,2028-03-20,2028-12-11,Y,Board Certified,N,2026-07-17,"SYNTHETIC - fictional demo data; names, NPIs, licenses, dates invented"
61,2492616084,Ivy Rossi,Family Medicine,SC,SC-320861,2024-11-16,2029-03-03,Y,Board Certified,N,2026-07-06,"SYNTHETIC - fictional demo data; names, NPIs, licenses, dates invented"
62,1786955492,Leo Mensah,General Surgery,AL,AL-866040,2026-11-14,2027-04-27,Y,Board Certified,N,2026-08-17,"SYNTHETIC - fictional demo data; names, NPIs, licenses, dates invented"
63,1626298481,Grace Bennett,Anesthesiology,AL,AL-719799,2029-01-09,2028-11-06,Y,Board Certified,N,2026-07-09,"SYNTHETIC - fictional demo data; names, NPIs, licenses, dates invented"
64,2067703377,Marcus Ellis,Emergency Medicine,SC,SC-592276,13/45/2026,2027-11-05,Y,Board Certified,N,2026-09-13,"SYNTHETIC - fictional demo data; names, NPIs, licenses, dates invented"
65,,Lena Iyer,Pediatrics,FL,FL-948880,2028-07-13,2029-03-29,Y,Board Certified,Y,2026-09-05,"SYNTHETIC - fictional demo data; names, NPIs, licenses, dates invented"
66,1736194715,Nadia Nguyen,Obstetrics & Gynecology,TX,TX-821200,2029-07-17,2027-08-23,Y,Board Certified,Y,2026-08-04,"SYNTHETIC - fictional demo data; names, NPIs, licenses, dates invented"
67,2436438702,Priya Moreno,Cardiology,TN,TN-103147,2027-10-30,2027-05-02,Y,Board Certified,N,2026-07-03,"SYNTHETIC - fictional demo data; names, NPIs, licenses, dates invented"
68,2034099251,Noah Sharma,Radiology,FL,FL-456430,2029-07-25,,N,Board Eligible,N,2026-07-17,"SYNTHETIC - fictional demo data; names, NPIs, licenses, dates invented"
69,1814785228,David Delgado,Radiology,TN,TN-457832,2028-01-09,2027-06-01,Y,Board Certified,N,2026-07-15,"SYNTHETIC - fictional demo data; names, NPIs, licenses, dates invented"
70,1313681592,Felix Kane,Internal Medicine,NC,NC-484188,2029-07-19,2029-04-28,Y,Board Certified,N,2026-07-03,"SYNTHETIC - fictional demo data; names, NPIs, licenses, dates invented"
71,1575062844,Ravi Vance,Radiology,GA,GA-796225,2029-05-18,,N,Not Certified,N,2026-07-04,"SYNTHETIC - fictional demo data; names, NPIs, licenses, dates invented"
72,2781261928,Samuel Thorn,Emergency Medicine,GA,GA-183199,2028-04-14,2027-05-09,Y,Board Certified,N,2026-09-24,"SYNTHETIC - fictional demo data; names, NPIs, licenses, dates invented"
73,2834286311,Aisha Sellers,Orthopedic Surgery,GA,GA-687668,2028-12-29,2027-10-21,Y,Board Certified,N,2026-07-21,"SYNTHETIC - fictional demo data; names, NPIs, licenses, dates invented"
74,1788354800,Hannah Ellis,Cardiology,GA,GA-978436,2028-01-17,2028-06-14,Y,Board Eligible,N,2026-08-11,"SYNTHETIC - fictional demo data; names, NPIs, licenses, dates invented"
75,1279268706,Grace Stowe,Psychiatry,TX,TX-638199,2028-03-22,2027-11-15,Y,Not Certified,N,2026-08-31,"SYNTHETIC - fictional demo data; names, NPIs, licenses, dates invented"
76,2581641441,Omar Delgado,Pediatrics,GA,GA-691127,2028-08-27,2029-04-04,Y,Board Certified,Y,2026-01-26,"SYNTHETIC - fictional demo data; names, NPIs, licenses, dates invented"
77,2843195125,Zara Cross,Cardiology,AL,AL-206528,2026-11-11,2029-01-14,Y,Board Certified,N,2026-06-30,"SYNTHETIC - fictional demo data; names, NPIs, licenses, dates invented"
78,2068622297,Samuel Moreno,Internal Medicine,AL,AL-823122,2029-01-14,2028-12-30,Y,Not Certified,N,2026-06-26,"SYNTHETIC - fictional demo data; names, NPIs, licenses, dates invented"
79,900365745,Peter Quill,Internal Medicine,SC,SC-482801,2027-08-18,2027-07-01,Y,Board Certified,N,,"SYNTHETIC - fictional demo data; names, NPIs, licenses, dates invented"
80,2458912167,Diego Vargas,Cardiology,TN,,2029-04-24,2028-07-08,Y,Board Certified,N,2026-08-12,"SYNTHETIC - fictional demo data; names, NPIs, licenses, dates invented"
81,2674985788,Ravi Cross,Psychiatry,AL,AL-293790,2027-07-03,2027-07-07,Y,Lapsed,N,2026-08-17,"SYNTHETIC - fictional demo data; names, NPIs, licenses, dates invented"
82,2459417074,Clara Quill,Cardiology,SC,SC-997214,2027-08-22,2028-07-04,Y,Board Eligible,N,2026-07-26,"SYNTHETIC - fictional demo data; names, NPIs, licenses, dates invented"
83,2953219782,Maya Beaumont,Orthopedic Surgery,SC,SC-159943,2027-10-01,2029-04-07,Y,Board Certified,N,2026-08-23,"SYNTHETIC - fictional demo data; names, NPIs, licenses, dates invented"
84,1136870774,Zara Vance,Neurology,AL,AL-702290,2029-04-18,2028-04-16,Y,Not Certified,N,2025-03-05,"SYNTHETIC - fictional demo data; names, NPIs, licenses, dates invented"
85,1891889085,Ivy Beaumont,Pediatrics,SC,SC-556817,2025-04-17,2027-09-16,Y,Board Certified,N,,"SYNTHETIC - fictional demo data; names, NPIs, licenses, dates invented"
86,2521632404,Clara Vance,Orthopedic Surgery,GA,GA-466424,2027-07-11,2029-04-03,Y,Board Certified,N,2026-09-30,"SYNTHETIC - fictional demo data; names, NPIs, licenses, dates invented"
87,1237335276,Aisha Stowe,Obstetrics & Gynecology,SC,SC-599933,2026-10-14,2029-05-02,Y,Board Certified,N,2026-02-20,"SYNTHETIC - fictional demo data; names, NPIs, licenses, dates invented"
88,1400217823,Ruth Rahman,Obstetrics & Gynecology,NC,NC-956065,2026-12-16,2028-06-26,Y,Board Certified,N,2026-09-04,"SYNTHETIC - fictional demo data; names, NPIs, licenses, dates invented"
89,1580253397,Tara Preston,Family Medicine,NC,NC-398741,2026-08-31,2028-11-05,Y,Board Certified,N,2025-10-15,"SYNTHETIC - fictional demo data; names, NPIs, licenses, dates invented"
90,2230075024,Diego Rahman,Neurology,GA,GA-309007,2029-08-10,2027-05-12,Y,Board Certified,Y,2026-08-12,"SYNTHETIC - fictional demo data; names, NPIs, licenses, dates invented"
91,2329477295,Grace Okafor,Family Medicine,SC,SC-161965,2027-05-29,2027-07-10,Y,Board Certified,N,2026-08-26,"SYNTHETIC - fictional demo data; names, NPIs, licenses, dates invented"
92,2597331749,Omar Whitfield,Radiology,NC,NC-858837,2029-01-25,,N,Board Certified,Y,2026-09-24,"SYNTHETIC - fictional demo data; names, NPIs, licenses, dates invented"
93,2452999502,Victor Nguyen,Anesthesiology,GA,GA-234022,2026-12-20,2029-05-26,Y,Lapsed,N,2026-07-13,"SYNTHETIC - fictional demo data; names, NPIs, licenses, dates invented"
94,1617238084,Elif Whitfield,Psychiatry,TX,TX-212545,2029-04-13,2029-02-03,Y,Board Certified,N,2026-07-30,"SYNTHETIC - fictional demo data; names, NPIs, licenses, dates invented"
95,2356019875,Victor Rahman,Emergency Medicine,GA,GA-154678,2027-10-17,2029-03-15,Y,Board Certified,N,2026-08-12,"SYNTHETIC - fictional demo data; names, NPIs, licenses, dates invented"
96,1885459249,Peter Rossi,Cardiology,AL,AL-530118,2028-02-15,2028-02-03,Y,Board Eligible,N,2025-04-19,"SYNTHETIC - fictional demo data; names, NPIs, licenses, dates invented"
97,2741809141,Ethan Beaumont,Pediatrics,GA,GA-278046,2027-07-03,2028-02-26,Y,Board Certified,N,2025-12-28,"SYNTHETIC - fictional demo data; names, NPIs, licenses, dates invented"
98,2551760913,Ibrahim Whitfield,Internal Medicine,TX,TX-111966,2029-04-05,2029-04-27,Y,Board Certified,N,2026-07-13,"SYNTHETIC - fictional demo data; names, NPIs, licenses, dates invented"
99,1100680883,Tara Bennett,Emergency Medicine,SC,SC-803748,2029-07-20,2027-08-04,Y,Not Certified,N,2026-04-27,"SYNTHETIC - fictional demo data; names, NPIs, licenses, dates invented"
100,1197665981,Clara Moreno,General Surgery,TX,TX-535298,2028-07-07,2029-04-17,Y,Not Certified,N,2026-08-18,"SYNTHETIC - fictional demo data; names, NPIs, licenses, dates invented"
101,2321691691,Amara Rossi,Internal Medicine,AL,AL-682910,2027-11-28,2027-12-21,Y,Board Certified,N,2026-08-13,"SYNTHETIC - fictional demo data; names, NPIs, licenses, dates invented"
102,2558793710,Priya Cross,Radiology,NC,NC-416202,2029-01-30,,N,Board Certified,N,2026-09-30,"SYNTHETIC - fictional demo data; names, NPIs, licenses, dates invented"
103,2414079594,Priya Preston,Orthopedic Surgery,SC,SC-345802,2025-09-16,2029-02-16,Y,Board Certified,Y,2026-07-20,"SYNTHETIC - fictional demo data; names, NPIs, licenses, dates invented"
104,1571110287,Samuel Mensah,Obstetrics & Gynecology,TX,TX-244172,2027-12-14,2028-12-05,Y,Board Certified,N,2025-12-27,"SYNTHETIC - fictional demo data; names, NPIs, licenses, dates invented"
105,1125798595,Ethan Farouk,Orthopedic Surgery,TX,,2029-05-27,2028-12-05,Y,Not Certified,N,2026-09-28,"SYNTHETIC - fictional demo data; names, NPIs, licenses, dates invented"
106,2228145414,Tara Duarte,Neurology,GA,GA-198521,2028-07-14,2027-09-22,Y,Board Certified,N,2026-08-23,"SYNTHETIC - fictional demo data; names, NPIs, licenses, dates invented"
107,2679035704,Ravi Ellis,Cardiology,NC,NC-236056,2027-04-26,2028-11-07,Y,Lapsed,N,2026-06-26,"SYNTHETIC - fictional demo data; names, NPIs, licenses, dates invented"
108,1620891727,Sofia Novak,Neurology,FL,FL-877052,2028-01-21,2027-07-20,Y,Board Certified,N,2026-08-13,"SYNTHETIC - fictional demo data; names, NPIs, licenses, dates invented"
109,2396705859,Diego Delgado,Anesthesiology,GA,GA-699217,2028-02-08,2029-02-02,Y,Lapsed,N,2026-06-25,"SYNTHETIC - fictional demo data; names, NPIs, licenses, dates invented"
110,2425596477,Maya Cross,Cardiology,TX,TX-550992,2028-11-24,2029-02-15,Y,Board Eligible,N,2026-08-24,"SYNTHETIC - fictional demo data; names, NPIs, licenses, dates invented"
111,2812661012,Ivy Kane,Internal Medicine,FL,FL-406293,2027-06-12,2027-11-29,Y,Board Certified,N,2026-07-04,"SYNTHETIC - fictional demo data; names, NPIs, licenses, dates invented"
112,2543502441,Peter Cross,Neurology,TN,TN-976303,2029-06-26,2029-06-08,Y,Board Certified,N,2025-10-04,"SYNTHETIC - fictional demo data; names, NPIs, licenses, dates invented"
113,2413677236,Tara Duarte,Family Medicine,AL,AL-475134,2028-05-28,2028-12-24,Y,Lapsed,N,2026-08-04,"SYNTHETIC - fictional demo data; names, NPIs, licenses, dates invented"
114,1011956663,Elif Okafor,Anesthesiology,AL,AL-242925,2026-12-21,2028-10-04,Y,Board Certified,N,2026-08-14,"SYNTHETIC - fictional demo data; names, NPIs, licenses, dates invented"
115,2481238972,Maya Rahman,Cardiology,GA,GA-233472,2029-02-24,2028-04-02,Y,Board Eligible,N,2026-07-26,"SYNTHETIC - fictional demo data; names, NPIs, licenses, dates invented"
116,1773410411,David Delgado,Psychiatry,TX,TX-358287,2026-12-28,2027-03-10,Y,Board Certified,N,2026-08-17,"SYNTHETIC - fictional demo data; names, NPIs, licenses, dates invented"
117,2263021858,James Moreno,General Surgery,SC,SC-535551,2027-11-03,2027-05-30,Y,Board Certified,N,2026-07-26,"SYNTHETIC - fictional demo data; names, NPIs, licenses, dates invented"
118,2027106861,Hannah Duarte,General Surgery,FL,FL-618850,2029-02-13,2027-11-11,Y,Board Certified,Y,2026-08-14,"SYNTHETIC - fictional demo data; names, NPIs, licenses, dates invented"
119,1874785574,Ruth Okafor,Psychiatry,TX,TX-804435,2028-07-27,2027-08-02,Y,Board Eligible,N,2026-10-03,"SYNTHETIC - fictional demo data; names, NPIs, licenses, dates invented"
120,1529641702,Peter Sharma,Anesthesiology,SC,SC-848804,2028-07-31,2027-10-31,Y,Board Certified,N,2026-07-02,"SYNTHETIC - fictional demo data; names, NPIs, licenses, dates invented"
121,2683086682,Diego Pillai,Cardiology,NC,NC-511453,2028-05-16,2028-04-12,Y,Board Eligible,N,2026-08-07,"SYNTHETIC - fictional demo data; names, NPIs, licenses, dates invented"
122,1155532566,Ravi Moreno,Neurology,FL,FL-528846,2029-01-21,2029-02-19,Y,Board Certified,N,2026-08-25,"SYNTHETIC - fictional demo data; names, NPIs, licenses, dates invented"
123,1274025194,Ravi Rossi,Family Medicine,NC,NC-234566,2027-11-13,2027-07-31,Y,Lapsed,N,2026-08-16,"SYNTHETIC - fictional demo data; names, NPIs, licenses, dates invented"
124,2975538056,Grace Cross,Orthopedic Surgery,GA,GA-740930,2029-01-05,2029-01-08,Y,Board Certified,N,2026-07-12,"SYNTHETIC - fictional demo data; names, NPIs, licenses, dates invented"
125,2515337273,Ruth Delgado,Emergency Medicine,TX,TX-474142,2029-08-20,2027-05-17,Y,Board Certified,N,2026-07-24,"SYNTHETIC - fictional demo data; names, NPIs, licenses, dates invented"
126,2192353263,Nadia Vance,Radiology,NC,NC-274689,2027-05-23,2029-01-03,Y,Board Certified,N,2026-09-16,"SYNTHETIC - fictional demo data; names, NPIs, licenses, dates invented"
127,2788505832,Felix Nguyen,Pediatrics,FL,FL-344471,2028-08-20,2029-04-25,Y,Lapsed,N,2026-08-27,"SYNTHETIC - fictional demo data; names, NPIs, licenses, dates invented"
128,1784645115,James Mensah,General Surgery,SC,SC-901297,2028-10-23,2028-11-30,Y,Board Certified,N,2026-07-24,"SYNTHETIC - fictional demo data; names, NPIs, licenses, dates invented"
129,1175875462,Sofia Sharma,Emergency Medicine,TN,TN-135677,2028-05-16,2028-08-05,Y,Board Certified,N,2026-08-20,"SYNTHETIC - fictional demo data; names, NPIs, licenses, dates invented"
130,2540863775,Amara Nguyen,Internal Medicine,AL,AL-394904,2029-09-24,2029-03-23,Y,Board Certified,N,2026-08-21,"SYNTHETIC - fictional demo data; names, NPIs, licenses, dates invented"
131,,Omar Ellis,Orthopedic Surgery,GA,GA-630378,2027-06-16,2029-07-13,Y,Board Certified,N,,"SYNTHETIC - fictional demo data; names, NPIs, licenses, dates invented"
132,1206048867,Hannah Ellis,Anesthesiology,FL,FL-261207,2027-06-26,2027-03-04,Y,Board Certified,N,2026-09-14,"SYNTHETIC - fictional demo data; names, NPIs, licenses, dates invented"
133,2885687618,Hannah Sellers,Psychiatry,TN,TN-943830,2027-11-13,2028-10-26,Y,Board Certified,N,2026-07-25,"SYNTHETIC - fictional demo data; names, NPIs, licenses, dates invented"
134,1419274087,Noah Haddad,Internal Medicine,TN,TN-242197,2029-10-06,2027-10-14,Y,Board Certified,N,2026-08-13,"SYNTHETIC - fictional demo data; names, NPIs, licenses, dates invented"
135,2205380411,Aisha Ali,General Surgery,TX,TX-600786,2028-08-25,2029-03-06,Y,Not Certified,N,2026-09-19,"SYNTHETIC - fictional demo data; names, NPIs, licenses, dates invented"
136,1155709153,Amara Ali,Neurology,TX,TX-464765,2025-11-02,2027-04-21,Y,Lapsed,N,2026-08-06,"SYNTHETIC - fictional demo data; names, NPIs, licenses, dates invented"
137,2401465614,David Preston,Cardiology,SC,SC-934884,2027-09-01,2028-05-11,Y,Lapsed,N,2026-04-14,"SYNTHETIC - fictional demo data; names, NPIs, licenses, dates invented"
138,,Amara Beaumont,Family Medicine,FL,FL-658886,2027-12-16,2029-07-22,Y,Lapsed,N,2026-08-12,"SYNTHETIC - fictional demo data; names, NPIs, licenses, dates invented"
139,1795415284,Victor Duarte,Radiology,TX,TX-819351,2028-01-14,,N,Board Certified,N,2026-08-11,"SYNTHETIC - fictional demo data; names, NPIs, licenses, dates invented"
140,1443036557,Marcus Kane,Neurology,TN,TN-670010,2026-04-07,2027-08-11,Y,Not Certified,N,2026-08-02,"SYNTHETIC - fictional demo data; names, NPIs, licenses, dates invented"
141,1428729475,Diego Moreno,Anesthesiology,SC,SC-732539,2028-01-04,2028-05-12,Y,Board Eligible,N,2026-09-13,"SYNTHETIC - fictional demo data; names, NPIs, licenses, dates invented"
142,1838762275,Sofia Stowe,Psychiatry,TX,TX-984960,2027-07-08,2028-03-13,Y,Board Eligible,N,2026-08-18,"SYNTHETIC - fictional demo data; names, NPIs, licenses, dates invented"
143,1128981649,Hannah Rahman,Family Medicine,TN,TN-534288,2028-08-26,2027-03-09,Y,Board Certified,N,2026-09-22,"SYNTHETIC - fictional demo data; names, NPIs, licenses, dates invented"
144,2404160293,Omar Preston,Orthopedic Surgery,SC,,2029-02-26,2028-07-23,Y,Board Certified,N,2026-08-20,"SYNTHETIC - fictional demo data; names, NPIs, licenses, dates invented"
145,2014492430,Priya Whitfield,Cardiology,FL,FL-935016,2029-06-11,2028-07-08,Y,Board Certified,N,2026-08-24,"SYNTHETIC - fictional demo data; names, NPIs, licenses, dates invented"
146,1717324555,Grace Vance,Anesthesiology,NC,NC-611077,2029-10-05,2028-02-14,Y,Board Eligible,N,2026-07-01,"SYNTHETIC - fictional demo data; names, NPIs, licenses, dates invented"
147,,Peter Iyer,General Surgery,TX,TX-763614,2028-05-26,2028-08-05,Y,Board Eligible,N,,"SYNTHETIC - fictional demo data; names, NPIs, licenses, dates invented"
148,2431753683,Ethan Ali,Orthopedic Surgery,FL,FL-189060,2028-02-19,2029-01-27,Y,Board Certified,N,2026-09-25,"SYNTHETIC - fictional demo data; names, NPIs, licenses, dates invented"
149,1766964235,Amara Ashford,Psychiatry,GA,GA-876133,2029-08-07,2027-06-22,Y,Lapsed,N,2026-08-25,"SYNTHETIC - fictional demo data; names, NPIs, licenses, dates invented"
150,1629021650,David Farouk,Neurology,AL,AL-980631,2027-06-01,2029-02-10,Y,Board Eligible,N,2026-06-28,"SYNTHETIC - fictional demo data; names, NPIs, licenses, dates invented"
151,2695613747,Leo Kane,General Surgery,NC,NC-815614,2025-06-29,2027-11-27,Y,Not Certified,N,,"SYNTHETIC - fictional demo data; names, NPIs, licenses, dates invented"
152,1234314684,Ravi Vargas,Radiology,AL,AL-363993,2029-05-12,,N,Board Certified,N,2026-09-13,"SYNTHETIC - fictional demo data; names, NPIs, licenses, dates invented"
153,2595789838,Priya Pillai,Family Medicine,SC,SC-839566,2026-03-10,2027-08-28,Y,Board Certified,N,2026-09-17,"SYNTHETIC - fictional demo data; names, NPIs, licenses, dates invented"
154,1827065719,Grace Haddad,General Surgery,AL,AL-985707,2028-11-15,2029-07-19,Y,Board Certified,N,2026-07-25,"SYNTHETIC - fictional demo data; names, NPIs, licenses, dates invented"
155,2672699326,Aisha Thorn,Pediatrics,NC,NC-120273,2029-05-30,2028-07-02,Y,Board Certified,Y,2026-08-20,"SYNTHETIC - fictional demo data; names, NPIs, licenses, dates invented"
156,,Nina Duarte,Radiology,AL,AL-643723,2029-01-05,,N,Board Eligible,N,2026-07-09,"SYNTHETIC - fictional demo data; names, NPIs, licenses, dates invented"
157,2452540591,Lucia Ashford,General Surgery,NC,NC-837856,2026-11-03,2028-07-17,Y,Board Certified,N,2026-09-19,"SYNTHETIC - fictional demo data; names, NPIs, licenses, dates invented"
158,2746279651,Clara Quill,Orthopedic Surgery,TX,TX-701751,2028-06-22,2028-09-01,Y,Board Certified,N,,"SYNTHETIC - fictional demo data; names, NPIs, licenses, dates invented"
159,1089120474,Tara Moreno,Pediatrics,TN,TN-615870,2028-05-26,2028-01-11,Y,Not Certified,N,2026-09-28,"SYNTHETIC - fictional demo data; names, NPIs, licenses, dates invented"
160,1496005949,Leo Novak,Psychiatry,SC,SC-681302,2026-02-22,2029-08-06,Y,Board Certified,N,2026-08-13,"SYNTHETIC - fictional demo data; names, NPIs, licenses, dates invented"
161,1861737597,Sofia Mensah,General Surgery,TX,TX-599587,2029-09-29,2029-02-11,Y,Lapsed,N,2026-07-20,"SYNTHETIC - fictional demo data; names, NPIs, licenses, dates invented"
162,1010595498,Nina Mensah,Pediatrics,SC,SC-882648,2028-11-29,2028-02-21,Y,Lapsed,N,2026-09-09,"SYNTHETIC - fictional demo data; names, NPIs, licenses, dates invented"
163,2846661125,Ruth Iyer,Obstetrics & Gynecology,AL,AL-612499,2027-10-28,2028-12-20,Y,Board Certified,N,2026-09-07,"SYNTHETIC - fictional demo data; names, NPIs, licenses, dates invented"
164,2403878385,Lucia Okafor,Family Medicine,TX,,2028-09-14,2027-05-08,Y,Board Certified,N,2026-07-15,"SYNTHETIC - fictional demo data; names, NPIs, licenses, dates invented"
165,2817093308,Tara Stowe,Anesthesiology,SC,SC-913018,2028-07-08,2028-04-15,Y,Board Certified,N,2026-07-06,"SYNTHETIC - fictional demo data; names, NPIs, licenses, dates invented"
166,2610290893,Peter Duarte,Pediatrics,SC,SC-138470,2029-09-18,2028-11-17,Y,Board Eligible,N,2026-10-01,"SYNTHETIC - fictional demo data; names, NPIs, licenses, dates invented"
167,2205256668,Nadia Ali,Orthopedic Surgery,NC,NC-301955,2027-10-05,2027-06-15,Y,Board Certified,N,2026-09-13,"SYNTHETIC - fictional demo data; names, NPIs, licenses, dates invented"
168,2182132047,Victor Ashford,Emergency Medicine,SC,SC-280891,2027-07-06,2029-02-08,Y,Board Certified,N,2026-08-03,"SYNTHETIC - fictional demo data; names, NPIs, licenses, dates invented"
169,2467244676,David Pillai,Emergency Medicine,NC,NC-845579,2027-05-13,2027-03-14,Y,Board Certified,N,2026-08-13,"SYNTHETIC - fictional demo data; names, NPIs, licenses, dates invented"
170,2701459860,Omar Sellers,General Surgery,GA,GA-687342,2028-09-08,2027-03-14,Y,Board Eligible,N,2026-08-02,"SYNTHETIC - fictional demo data; names, NPIs, licenses, dates invented"
171,1282904381,Tara Stowe,General Surgery,FL,FL-826537,2028-09-13,2027-06-16,Y,Board Certified,N,2026-08-30,"SYNTHETIC - fictional demo data; names, NPIs, licenses, dates invented"
172,1543614431,Diego Rahman,Cardiology,GA,GA-500798,2028-01-07,2029-05-11,Y,Lapsed,N,,"SYNTHETIC - fictional demo data; names, NPIs, licenses, dates invented"
173,2368603764,Omar Cross,Radiology,FL,FL-125762,2027-09-22,,N,Board Certified,N,2026-09-07,"SYNTHETIC - fictional demo data; names, NPIs, licenses, dates invented"
174,2869685472,Victor Delgado,General Surgery,FL,FL-588711,2028-11-30,2027-12-23,Y,Board Certified,N,2025-08-15,"SYNTHETIC - fictional demo data; names, NPIs, licenses, dates invented"
175,1125005265,Grace Nguyen,Emergency Medicine,FL,FL-897838,2028-08-30,2027-06-05,Y,Board Certified,N,2026-07-31,"SYNTHETIC - fictional demo data; names, NPIs, licenses, dates invented"
176,2160462927,Aisha Kane,Obstetrics & Gynecology,TN,TN-825402,2028-01-26,2029-02-05,Y,Board Eligible,N,,"SYNTHETIC - fictional demo data; names, NPIs, licenses, dates invented"
177,713005781,Grace Farouk,Anesthesiology,NC,,2027-10-18,2027-07-07,Y,Board Certified,N,2026-09-16,"SYNTHETIC - fictional demo data; names, NPIs, licenses, dates invented"
178,2815716086,Priya Rossi,Radiology,GA,GA-214860,2028-03-03,,N,Lapsed,N,2026-07-28,"SYNTHETIC - fictional demo data; names, NPIs, licenses, dates invented"
179,1393619258,Sofia Cross,Neurology,AL,AL-274660,2027-04-29,2028-05-10,Y,Board Certified,N,2026-08-13,"SYNTHETIC - fictional demo data; names, NPIs, licenses, dates invented"
180,1562146619,Ivy Cross,General Surgery,SC,SC-819566,2029-04-10,2029-02-11,Y,Board Eligible,N,2026-08-25,"SYNTHETIC - fictional demo data; names, NPIs, licenses, dates invented"
181,1143174737,Ethan Moreno,Psychiatry,SC,SC-716757,2029-07-07,2028-08-07,Y,Board Certified,N,2026-06-27,"SYNTHETIC - fictional demo data; names, NPIs, licenses, dates invented"
182,2623499470,Zara Kaplan,Anesthesiology,TX,TX-372320,2028-04-01,2029-02-27,Y,Board Certified,N,2026-09-04,"SYNTHETIC - fictional demo data; names, NPIs, licenses, dates invented"
183,2267674017,Victor Farouk,Obstetrics & Gynecology,AL,AL-684835,2025-08-18,2028-03-06,Y,Board Certified,N,2026-09-09,"SYNTHETIC - fictional demo data; names, NPIs, licenses, dates invented"
184,2859674977,Ruth Ashford,Anesthesiology,TX,TX-803321,2029-01-31,2028-05-25,Y,Board Certified,N,2025-12-15,"SYNTHETIC - fictional demo data; names, NPIs, licenses, dates invented"
185,2283499680,Peter Nguyen,Psychiatry,TX,TX-615406,2028-08-15,2029-08-13,Y,Not Certified,N,2026-08-31,"SYNTHETIC - fictional demo data; names, NPIs, licenses, dates invented"
186,1703121811,Ethan Mensah,Radiology,TN,TN-480047,2029-07-04,,N,Board Certified,N,2026-08-18,"SYNTHETIC - fictional demo data; names, NPIs, licenses, dates invented"
187,1282527492,Victor Pillai,Orthopedic Surgery,NC,NC-111838,2027-08-19,2028-03-25,Y,Board Certified,N,,"SYNTHETIC - fictional demo data; names, NPIs, licenses, dates invented"
188,268914363,Grace Preston,Orthopedic Surgery,FL,FL-512726,2028-07-30,2029-05-14,Y,Lapsed,N,2026-07-22,"SYNTHETIC - fictional demo data; names, NPIs, licenses, dates invented"
189,2598926019,Lucia Novak,General Surgery,SC,SC-564931,2029-02-06,2027-07-27,Y,Board Certified,N,2026-03-26,"SYNTHETIC - fictional demo data; names, NPIs, licenses, dates invented"
190,2319040127,Peter Bennett,General Surgery,TN,TN-820811,2029-04-10,2028-06-21,Y,Board Certified,N,2026-06-30,"SYNTHETIC - fictional demo data; names, NPIs, licenses, dates invented"
191,2524256074,Lucia Bennett,General Surgery,TX,TX-610676,2029-04-12,2027-04-23,Y,Board Certified,N,2026-09-09,"SYNTHETIC - fictional demo data; names, NPIs, licenses, dates invented"
192,1873277903,James Moreno,Emergency Medicine,GA,GA-919032,2029-06-06,2027-09-17,Y,Board Certified,N,2026-09-04,"SYNTHETIC - fictional demo data; names, NPIs, licenses, dates invented"
193,1949699741,Samuel Ellis,Obstetrics & Gynecology,GA,GA-609613,2029-07-25,2029-02-23,Y,Board Certified,N,2026-07-21,"SYNTHETIC - fictional demo data; names, NPIs, licenses, dates invented"
194,1815192994,Sofia Ellis,Internal Medicine,TN,TN-534364,2027-05-10,2028-01-01,Y,Board Certified,N,2026-08-05,"SYNTHETIC - fictional demo data; names, NPIs, licenses, dates invented"
195,2234350431,Ibrahim Ashford,Neurology,NC,NC-264516,2025-07-01,2028-05-28,Y,Lapsed,N,,"SYNTHETIC - fictional demo data; names, NPIs, licenses, dates invented"
196,1262742717,Grace Thorn,Cardiology,TX,TX-462390,2029-06-26,2028-06-21,Y,Board Certified,N,2026-07-23,"SYNTHETIC - fictional demo data; names, NPIs, licenses, dates invented"
197,1467553082,Ethan Haddad,Neurology,GA,GA-753373,2029-07-20,2027-10-19,Y,Board Certified,N,2026-07-28,"SYNTHETIC - fictional demo data; names, NPIs, licenses, dates invented"
198,2277284624,James Vance,Internal Medicine,TN,TN-365093,2025-09-21,2028-10-24,Y,Lapsed,N,2026-08-02,"SYNTHETIC - fictional demo data; names, NPIs, licenses, dates invented"
199,1705027561,James Delgado,Pediatrics,AL,AL-304380,2029-01-31,2029-01-16,Y,Board Certified,N,2026-07-20,"SYNTHETIC - fictional demo data; names, NPIs, licenses, dates invented"
200,1167497604,Omar Quill,General Surgery,NC,NC-948799,2028-10-09,2027-04-19,Y,Board Certified,N,2026-08-01,"SYNTHETIC - fictional demo data; names, NPIs, licenses, dates invented"
